Audio files,beatmaps,avg bm to audio,total frames,avg_frames in audio
12,109,7.166666666666667,992976,9109.871559633028
circle,slider,reverse,spinner,total,avg obj to frames
20595,15230,2898,83,35908,0.036665032993604914
avgTempo,median tempo,std dev tempo,highest tempo,lowest tempo
176.8165137614679,180.0000000000002,27.388528080474675,240.0,109.99999999999989
avg diff,median diff,std dev diff
2.6055045871559632,2.5,1.5145674807180707
avg pattern len,median pattern len,std dev pattern,longest pattern
4.371971265067576,3.0,2.1944504512086853,17
pattern histogram
1,2,3,4,5,6,7,8,9,10,11,12,13,14,15,16,17,18
546,1078,1258,2056,1199,915,388,437,123,90,41,50,15,7,3,5,2
