Audio files,beatmaps,avg bm to audio,total frames,avg_frames in audio
9,44,4.444444444444445,499507,11352.431818181818
circle,slider,reverse,spinner,total,avg obj to frames
7423,5530,1069,29,12982,0.026854876320392348
avgTempo,median tempo,std dev tempo,highest tempo,lowest tempo
132.98863636363635,148.00000000000014,33.26656945936929,173.99999999999977,34.49999999999997
avg diff,median diff,std dev diff
2.0454545454545454,5,1.3476333709430537
avg pattern len,median pattern len,std dev pattern,longest pattern
4.312624584717608,2,2.1137754374405886,17
pattern histogram
1,2,3,4,5,6,7,8,9,10,11,12,13,14,15,16,17,18
222,385,493,666,470,362,190,124,50,20,9,6,8,2,0,2,1
