Audio files,beatmaps,avg bm to audio,total frames,avg_frames in audio
7,75,7.428571428571429,620353,8271.373333333333
circle,slider,reverse,spinner,total,avg obj to frames
13579,9986,2150,78,23643,0.03846759893989556
avgTempo,median tempo,std dev tempo,highest tempo,lowest tempo
183.46666666666667,183.00000000000023,20.53960943045303,209.9999999999998,91.00000000000004
avg diff,median diff,std dev diff
2.7733333333333334,3.0,1.3718438524684782
avg pattern len,median pattern len,std dev pattern,longest pattern
4.262892174540209,4,2.0279645753963393,16
pattern histogram
1,2,3,4,5,6,7,8,9,10,11,12,13,14,15,16,17
299,963,684,1509,727,593,258,378,78,37,12,5,2,0,0,1
