onset,sequence,seq_clust,seq_ppl,seq_clust_ppl
0.5468813260615876,0.6179913235655234,0.54111230517908,tensor(2.5237),tensor(5.3935)
