onset,sequence,seq_clust,seq_ppl,seq_clust_ppl
0.5611163273747166,0.7059996605566871,0.6117189108485148,tensor(2.3804),tensor(4.9136)
