onset,sequence,seq_clust,seq_ppl,seq_clust_ppl
0.5842836376334235,0.6956060225145954,0.6168207318172259,tensor(2.4210),tensor(5.0816)
