onset,sequence,seq_clust,seq_ppl,seq_clust_ppl
0.34974326059050065,0.5469160612150255,0.3999978674800387,tensor(2.5772),tensor(5.6405)
