onset,sequence,seq_clust,seq_ppl,seq_clust_ppl
0.5261381357555196,0.6333273852010469,0.5717803609666565,tensor(2.4908),tensor(5.2654)
